renderer,brush,size,params_m,epochs,reported_acc_db,psnr_fg,psnr_alpha,psnr_mean,ssim_fg,ssim_alpha,forward_ms,forward_backward_ms,peak_memory_gb
original full,oilpaintbrush,128,18.089972,43,25.258855199813844,27.850955963134766,22.558469772338867,25.204712867736816,0.9424501210451126,0.9339856803417206,7.640684998477809,15.573100000619888,0.5040597915649414
original light,oilpaintbrush,32,5.36686,400,24.31351491679316,27.378747940063477,21.37787628173828,24.37831211090088,0.943508043885231,0.9195747971534729,1.232045001233928,2.5767699989955872,0.08678102493286133
original full,watercolor,128,18.116084,484,30.834425306320192,30.867015838623047,30.490291595458984,30.678653717041016,0.9728570729494095,0.9701988697052002,7.721780001884326,15.889559997594914,0.5041627883911133
original light,watercolor,32,5.392972,400,25.84112060771269,25.804540634155273,25.72173309326172,25.763136863708496,0.9253658056259155,0.9174326062202454,1.2122000014642254,2.5583300011930987,0.0868840217590332
original full,markerpen,128,18.091508,198,28.745371198654176,28.839942932128906,28.57855224609375,28.709247589111328,0.9623106420040131,0.9534330368041992,7.7319800009718165,15.7899300014833,0.5040683746337891
original light,markerpen,32,5.368396,400,24.83387801470354,24.81607437133789,24.359643936157227,24.58785915374756,0.9137009680271149,0.903142899274826,1.1947399994824082,2.499440000974573,0.08678960800170898
original full,rectangle,128,18.065396,412,33.61151380538941,33.591312408447266,33.462989807128906,33.527151107788086,0.9865995347499847,0.9853595197200775,7.73746500199195,15.83993999811355,0.503969669342041
original light,rectangle,32,5.342284,400,28.228850323220957,28.391008377075195,28.272354125976562,28.33168125152588,0.9594361782073975,0.9574584811925888,1.196914998581633,3.1236950017046183,0.08669090270996094
ours oil light,oilpaintbrush,32,5.36686,100,,27.16907501220703,21.152992248535156,24.161033630371094,0.9441644102334976,0.9293084740638733,1.2032400001771748,2.8252899996005,0.08678102493286133
