image,seed,anchor,phase,l1_all,ot_all,l1_new,ot_new,l1_pos,ot_pos
51e3d4424d53b10ff3d8992cc12c30771037dbf85254784b7d297ed7934b_640,0,0,first,0.0135431,1.7401e-05,0.0135431,1.7401e-05,0.0116451,1.50866e-05
51e3d4424d53b10ff3d8992cc12c30771037dbf85254784b7d297ed7934b_640,0,0,last,0.00962359,2.49719e-05,0.00962359,2.49719e-05,0.00845034,1.72897e-05
51e3d4424d53b10ff3d8992cc12c30771037dbf85254784b7d297ed7934b_640,0,1,first,0.015458,2.80607e-05,0.0116637,1.13038e-05,0.00948123,9.6287e-06
51e3d4424d53b10ff3d8992cc12c30771037dbf85254784b7d297ed7934b_640,0,1,last,0.014376,5.53338e-05,0.0100793,3.92097e-05,0.00802045,3.16557e-05
51e3d4424d53b10ff3d8992cc12c30771037dbf85254784b7d297ed7934b_640,0,2,first,0.0192973,3.9159e-05,0.0118634,9.42647e-06,0.0101295,7.99313e-06
51e3d4424d53b10ff3d8992cc12c30771037dbf85254784b7d297ed7934b_640,0,2,last,0.0171462,0.000102242,0.00948239,4.02883e-05,0.00722001,3.10186e-05
51e3d4424d53b10ff3d8992cc12c30771037dbf85254784b7d297ed7934b_640,0,3,first,0.0224217,0.000104177,0.0137063,1.10353e-05,0.0123166,9.15665e-06
51e3d4424d53b10ff3d8992cc12c30771037dbf85254784b7d297ed7934b_640,0,3,last,0.020543,0.000110519,0.0117899,2.93688e-05,0.00979597,2.3141e-05
51e3d4424d53b10ff3d8992cc12c30771037dbf85254784b7d297ed7934b_640,0,4,first,0.0245689,0.000109383,0.0122149,1.94664e-05,0.0100403,1.48804e-05
51e3d4424d53b10ff3d8992cc12c30771037dbf85254784b7d297ed7934b_640,0,4,last,0.0256771,0.00012621,0.0100221,3.02864e-05,0.00842054,2.4382e-05
51e3d4424d53b10ff3d8992cc12c30771037dbf85254784b7d297ed7934b_640,0,5,first,0.0275144,7.90422e-05,0.0126796,1.64108e-05,0.010613,1.33605e-05
51e3d4424d53b10ff3d8992cc12c30771037dbf85254784b7d297ed7934b_640,0,5,last,0.0243666,0.000104817,0.00928801,3.65597e-05,0.00761243,3.20136e-05
51e3d4424d53b10ff3d8992cc12c30771037dbf85254784b7d297ed7934b_640,0,6,first,0.0278067,7.99941e-05,0.0136539,2.85083e-05,0.011729,2.48681e-05
51e3d4424d53b10ff3d8992cc12c30771037dbf85254784b7d297ed7934b_640,0,6,last,0.0259386,0.000104106,0.0100258,3.69728e-05,0.00773644,3.14174e-05
51e3d4424d53b10ff3d8992cc12c30771037dbf85254784b7d297ed7934b_640,0,7,first,0.0295787,0.000103534,0.0121357,2.53952e-05,0.0100944,2.28422e-05
51e3d4424d53b10ff3d8992cc12c30771037dbf85254784b7d297ed7934b_640,0,7,last,0.0256451,8.71821e-05,0.00808219,2.47776e-05,0.00711078,2.18101e-05
51e3d4424d53b10ff3d8992cc12c30771037dbf85254784b7d297ed7934b_640,0,8,first,0.0288183,9.47865e-05,0.0122409,3.22316e-05,0.0105288,2.417e-05
51e3d4424d53b10ff3d8992cc12c30771037dbf85254784b7d297ed7934b_640,0,8,last,0.0232419,6.2823e-05,0.0084488,1.94661e-05,0.00696691,1.8203e-05
51e3d4424d53b10ff3d8992cc12c30771037dbf85254784b7d297ed7934b_640,0,9,first,0.0265968,8.36856e-05,0.0112697,2.35093e-05,0.0100691,2.00401e-05
51e3d4424d53b10ff3d8992cc12c30771037dbf85254784b7d297ed7934b_640,0,9,last,0.0229112,4.8418e-05,0.00811455,1.43071e-05,0.00735044,1.247e-05
51e3d4424d53b10ff3d8992cc12c30771037dbf85254784b7d297ed7934b_640,0,10,first,0.023778,5.15004e-05,0.00977963,1.38054e-05,0.00860414,1.17748e-05
51e3d4424d53b10ff3d8992cc12c30771037dbf85254784b7d297ed7934b_640,0,10,last,0.0203851,4.79109e-05,0.00704585,1.89739e-05,0.00633248,1.77022e-05
51e3d4424d53b10ff3d8992cc12c30771037dbf85254784b7d297ed7934b_640,0,11,first,0.0253585,5.1802e-05,0.0115037,2.23794e-05,0.0103224,2.03098e-05
51e3d4424d53b10ff3d8992cc12c30771037dbf85254784b7d297ed7934b_640,0,11,last,0.0210245,5.37162e-05,0.00725208,1.25839e-05,0.00677847,1.14751e-05
51e3d4424d53b10ff3d8992cc12c30771037dbf85254784b7d297ed7934b_640,0,12,first,0.0250997,4.7754e-05,0.0092544,1.70186e-05,0.00781317,1.49808e-05
51e3d4424d53b10ff3d8992cc12c30771037dbf85254784b7d297ed7934b_640,0,12,last,0.0199556,4.1475e-05,0.00687903,9.25315e-06,0.00655962,8.05117e-06
51e3d4424d53b10ff3d8992cc12c30771037dbf85254784b7d297ed7934b_640,0,13,first,0.0229053,4.40104e-05,0.0108064,1.80495e-05,0.00993009,1.72503e-05
51e3d4424d53b10ff3d8992cc12c30771037dbf85254784b7d297ed7934b_640,0,13,last,0.0212109,3.72821e-05,0.00818933,1.27647e-05,0.00801227,1.08673e-05
51e3d4424d53b10ff3d8992cc12c30771037dbf85254784b7d297ed7934b_640,0,14,first,0.0237099,4.82126e-05,0.0113421,1.54836e-05,0.0102372,1.35166e-05
51e3d4424d53b10ff3d8992cc12c30771037dbf85254784b7d297ed7934b_640,0,14,last,0.0202838,3.82036e-05,0.00539502,9.32368e-06,0.00495993,7.99962e-06
51e3d4424d53b10ff3d8992cc12c30771037dbf85254784b7d297ed7934b_640,0,15,first,0.0220752,3.74883e-05,0.00890908,1.21353e-05,0.00800617,1.03471e-05
51e3d4424d53b10ff3d8992cc12c30771037dbf85254784b7d297ed7934b_640,0,15,last,0.0202037,3.34982e-05,0.00658032,6.71426e-06,0.00631685,5.64352e-06
51e3d4424d53b10ff3d8992cc12c30771037dbf85254784b7d297ed7934b_640,0,16,first,0.0227385,3.98273e-05,0.00825891,1.00934e-05,0.00663648,7.18007e-06
51e3d4424d53b10ff3d8992cc12c30771037dbf85254784b7d297ed7934b_640,0,16,last,0.0198092,3.26564e-05,0.00541694,7.66398e-06,0.00497236,6.01782e-06
51e3d4424d53b10ff3d8992cc12c30771037dbf85254784b7d297ed7934b_640,0,17,first,0.0210249,3.2024e-05,0.0075369,1.00108e-05,0.00654474,7.45418e-06
51e3d4424d53b10ff3d8992cc12c30771037dbf85254784b7d297ed7934b_640,0,17,last,0.0192591,2.75558e-05,0.00438437,6.70857e-06,0.00404203,5.29914e-06
51e3d4424d53b10ff3d8992cc12c30771037dbf85254784b7d297ed7934b_640,0,18,first,0.0223355,2.92137e-05,0.00877451,8.39258e-06,0.00813959,7.44709e-06
51e3d4424d53b10ff3d8992cc12c30771037dbf85254784b7d297ed7934b_640,0,18,last,0.0201611,2.5976e-05,0.00552965,7.6057e-06,0.00522515,6.50954e-06
51e3d4424d53b10ff3d8992cc12c30771037dbf85254784b7d297ed7934b_640,0,19,first,0.0223611,2.85541e-05,0.00765712,7.23449e-06,0.00689004,5.9732e-06
51e3d4424d53b10ff3d8992cc12c30771037dbf85254784b7d297ed7934b_640,0,19,last,0.0202413,2.57633e-05,0.00346143,5.18743e-06,0.00320721,4.49763e-06
57e5dd464d54ac14f1dc8460962e33791c3ad6e04e50744172297ed29f4bc4_640,0,0,first,0.0201541,8.90716e-05,0.0201541,8.90716e-05,0.0162591,6.65904e-05
57e5dd464d54ac14f1dc8460962e33791c3ad6e04e50744172297ed29f4bc4_640,0,0,last,0.0229993,0.000299215,0.0229993,0.000299215,0.010135,0.000247517
57e5dd464d54ac14f1dc8460962e33791c3ad6e04e50744172297ed29f4bc4_640,0,1,first,0.030479,0.000199799,0.0165193,6.17902e-05,0.0117302,4.52261e-05
57e5dd464d54ac14f1dc8460962e33791c3ad6e04e50744172297ed29f4bc4_640,0,1,last,0.0352952,0.000534477,0.0231585,0.000272618,0.0129267,0.000236054
57e5dd464d54ac14f1dc8460962e33791c3ad6e04e50744172297ed29f4bc4_640,0,2,first,0.0381335,0.00051693,0.0161533,7.90317e-05,0.0134161,6.20724e-05
57e5dd464d54ac14f1dc8460962e33791c3ad6e04e50744172297ed29f4bc4_640,0,2,last,0.0401492,0.000702446,0.0192755,0.000196277,0.0112562,0.000149629
57e5dd464d54ac14f1dc8460962e33791c3ad6e04e50744172297ed29f4bc4_640,0,3,first,0.0440777,0.000732046,0.0171749,0.000112746,0.0126762,8.68003e-05
57e5dd464d54ac14f1dc8460962e33791c3ad6e04e50744172297ed29f4bc4_640,0,3,last,0.0486355,0.00094874,0.0175308,0.000279971,0.0100739,0.000249913
57e5dd464d54ac14f1dc8460962e33791c3ad6e04e50744172297ed29f4bc4_640,0,4,first,0.0509567,0.000978103,0.0141246,0.000121199,0.0100075,9.00014e-05
57e5dd464d54ac14f1dc8460962e33791c3ad6e04e50744172297ed29f4bc4_640,0,4,last,0.0449677,0.00100977,0.0215525,0.000311722,0.0122507,0.000290917
57e5dd464d54ac14f1dc8460962e33791c3ad6e04e50744172297ed29f4bc4_640,0,5,first,0.0458112,0.000912314,0.0151048,0.000116472,0.0129023,9.61099e-05
57e5dd464d54ac14f1dc8460962e33791c3ad6e04e50744172297ed29f4bc4_640,0,5,last,0.0382399,0.000368989,0.0164993,0.000113593,0.0126335,0.000105694
57e5dd464d54ac14f1dc8460962e33791c3ad6e04e50744172297ed29f4bc4_640,0,6,first,0.0394765,0.000798939,0.0148659,0.000155273,0.0121441,0.000121229
57e5dd464d54ac14f1dc8460962e33791c3ad6e04e50744172297ed29f4bc4_640,0,6,last,0.0326099,0.000324898,0.0174304,0.000113878,0.0138362,0.000103867
57e5dd464d54ac14f1dc8460962e33791c3ad6e04e50744172297ed29f4bc4_640,0,7,first,0.0346148,0.000713885,0.0134214,0.000174075,0.0110899,0.000141304
57e5dd464d54ac14f1dc8460962e33791c3ad6e04e50744172297ed29f4bc4_640,0,7,last,0.0265711,0.000240125,0.0122341,4.6902e-05,0.0106994,4.32648e-05
57e5dd464d54ac14f1dc8460962e33791c3ad6e04e50744172297ed29f4bc4_640,0,8,first,0.0273965,0.000238773,0.0104939,4.81819e-05,0.00855433,3.35e-05
57e5dd464d54ac14f1dc8460962e33791c3ad6e04e50744172297ed29f4bc4_640,0,8,last,0.0228818,0.000350926,0.00763745,8.58226e-05,0.00612204,7.78673e-05
57e5dd464d54ac14f1dc8460962e33791c3ad6e04e50744172297ed29f4bc4_640,0,9,first,0.0254938,0.000340788,0.0103884,6.42499e-05,0.00895222,5.20972e-05
57e5dd464d54ac14f1dc8460962e33791c3ad6e04e50744172297ed29f4bc4_640,0,9,last,0.021871,0.000313644,0.00820273,8.29765e-05,0.00718365,7.32455e-05
57e5dd464d54ac14f1dc8460962e33791c3ad6e04e50744172297ed29f4bc4_640,0,10,first,0.0251818,0.000296066,0.00773975,4.20757e-05,0.0063655,3.55673e-05
57e5dd464d54ac14f1dc8460962e33791c3ad6e04e50744172297ed29f4bc4_640,0,10,last,0.02198,0.000268064,0.00765652,4.91333e-05,0.00722676,4.26331e-05
57e5dd464d54ac14f1dc8460962e33791c3ad6e04e50744172297ed29f4bc4_640,0,11,first,0.0241352,0.000135762,0.00782554,1.44705e-05,0.00647906,1.23667e-05
57e5dd464d54ac14f1dc8460962e33791c3ad6e04e50744172297ed29f4bc4_640,0,11,last,0.0202412,0.000239218,0.00583624,2.92711e-05,0.00524408,2.4382e-05
57e5dd464d54ac14f1dc8460962e33791c3ad6e04e50744172297ed29f4bc4_640,0,12,first,0.0214836,0.000130998,0.00874952,2.12097e-05,0.00785706,1.81498e-05
57e5dd464d54ac14f1dc8460962e33791c3ad6e04e50744172297ed29f4bc4_640,0,12,last,0.0226393,0.000230268,0.00749691,5.22033e-05,0.00716302,4.95128e-05
57e5dd464d54ac14f1dc8460962e33791c3ad6e04e50744172297ed29f4bc4_640,0,13,first,0.0274735,0.000130418,0.00808317,1.82612e-05,0.00695612,1.49682e-05
57e5dd464d54ac14f1dc8460962e33791c3ad6e04e50744172297ed29f4bc4_640,0,13,last,0.0223574,0.00018748,0.00716759,2.45097e-05,0.00674661,2.28676e-05
57e5dd464d54ac14f1dc8460962e33791c3ad6e04e50744172297ed29f4bc4_640,0,14,first,0.0261492,0.000203294,0.0112342,3.11238e-05,0.0103236,2.84984e-05
57e5dd464d54ac14f1dc8460962e33791c3ad6e04e50744172297ed29f4bc4_640,0,14,last,0.0234616,0.000167867,0.00753606,3.09956e-05,0.00721763,2.89009e-05
57e5dd464d54ac14f1dc8460962e33791c3ad6e04e50744172297ed29f4bc4_640,0,15,first,0.0238623,0.000174332,0.00732613,2.02968e-05,0.00574527,1.81801e-05
57e5dd464d54ac14f1dc8460962e33791c3ad6e04e50744172297ed29f4bc4_640,0,15,last,0.0244382,0.00011306,0.0064513,1.52691e-05,0.00611273,1.34734e-05
57e5dd464d54ac14f1dc8460962e33791c3ad6e04e50744172297ed29f4bc4_640,0,16,first,0.0246303,0.000173942,0.00700965,1.833e-05,0.00611771,1.72107e-05
57e5dd464d54ac14f1dc8460962e33791c3ad6e04e50744172297ed29f4bc4_640,0,16,last,0.0251818,0.000170067,0.00548458,2.85915e-05,0.00517767,2.60791e-05
57e5dd464d54ac14f1dc8460962e33791c3ad6e04e50744172297ed29f4bc4_640,0,17,first,0.0252271,0.000163395,0.00542145,1.03375e-05,0.00444948,9.00411e-06
57e5dd464d54ac14f1dc8460962e33791c3ad6e04e50744172297ed29f4bc4_640,0,17,last,0.0231908,0.000155389,0.00625348,1.92633e-05,0.00573789,1.78002e-05
57e5dd464d54ac14f1dc8460962e33791c3ad6e04e50744172297ed29f4bc4_640,0,18,first,0.0242447,0.00015474,0.00777789,4.14389e-05,0.00727345,3.87105e-05
57e5dd464d54ac14f1dc8460962e33791c3ad6e04e50744172297ed29f4bc4_640,0,18,last,0.0243558,0.000109445,0.00592283,1.48966e-05,0.00572605,1.34658e-05
57e5dd464d54ac14f1dc8460962e33791c3ad6e04e50744172297ed29f4bc4_640,0,19,first,0.024506,0.000153447,0.00523605,1.61871e-05,0.00455909,1.33778e-05
57e5dd464d54ac14f1dc8460962e33791c3ad6e04e50744172297ed29f4bc4_640,0,19,last,0.0271734,0.000165183,0.00538484,1.0947e-05,0.00507011,9.09905e-06
ice-cream-cone-1274894_640,0,0,first,0.0178799,6.54279e-05,0.0178799,6.54279e-05,0.0138512,5.40527e-05
ice-cream-cone-1274894_640,0,0,last,0.0275026,0.000432163,0.0275026,0.000432163,0.0128681,0.000366576
ice-cream-cone-1274894_640,0,1,first,0.0313149,0.000991969,0.0165732,0.000116053,0.0125808,9.12072e-05
ice-cream-cone-1274894_640,0,1,last,0.0474398,0.000584838,0.0279146,0.000319585,0.0181455,0.000263698
ice-cream-cone-1274894_640,0,2,first,0.049897,0.00045807,0.0168116,8.1908e-05,0.0128055,6.22534e-05
ice-cream-cone-1274894_640,0,2,last,0.0541037,0.000801123,0.0246217,0.000327885,0.0142887,0.000283037
ice-cream-cone-1274894_640,0,3,first,0.0588565,0.000791014,0.0175241,9.86131e-05,0.01279,8.37214e-05
ice-cream-cone-1274894_640,0,3,last,0.0633726,0.000826024,0.0249446,0.00022144,0.0156123,0.00018657
ice-cream-cone-1274894_640,0,4,first,0.0649699,0.000839033,0.0176296,0.000105736,0.0129562,7.84171e-05
ice-cream-cone-1274894_640,0,4,last,0.0613708,0.000834405,0.0216754,0.000291138,0.0119559,0.000277663
ice-cream-cone-1274894_640,0,5,first,0.0637519,0.000693945,0.0142707,0.000118217,0.011385,9.82273e-05
ice-cream-cone-1274894_640,0,5,last,0.0568127,0.0029333,0.0194045,0.000539506,0.0139744,0.000461058
ice-cream-cone-1274894_640,0,6,first,0.0568643,0.000655658,0.0151441,0.000127873,0.0125058,0.000109833
ice-cream-cone-1274894_640,0,6,last,0.0427304,0.00281727,0.0172668,0.00057816,0.0137673,0.000545273
ice-cream-cone-1274894_640,0,7,first,0.043561,0.000464769,0.0144127,0.000173635,0.0125623,0.00015565
ice-cream-cone-1274894_640,0,7,last,0.0287789,0.00158433,0.0100882,0.000268762,0.0081633,0.000245301
ice-cream-cone-1274894_640,0,8,first,0.0313274,0.00155046,0.00956073,0.000219778,0.00748637,0.000155486
ice-cream-cone-1274894_640,0,8,last,0.0219236,0.000288122,0.00758767,7.02479e-05,0.00628142,6.43649e-05
ice-cream-cone-1274894_640,0,9,first,0.0237009,0.000233203,0.00819243,5.65121e-05,0.00749401,5.07117e-05
ice-cream-cone-1274894_640,0,9,last,0.0196188,0.000245329,0.00839922,3.63139e-05,0.00775642,3.28542e-05
ice-cream-cone-1274894_640,0,10,first,0.0213848,0.000243115,0.00806479,4.20801e-05,0.00703959,3.45712e-05
ice-cream-cone-1274894_640,0,10,last,0.017934,0.000224552,0.00396274,2.25459e-05,0.00346342,1.72914e-05
ice-cream-cone-1274894_640,0,11,first,0.0191626,0.000789822,0.00573384,8.90572e-05,0.00511477,7.83317e-05
ice-cream-cone-1274894_640,0,11,last,0.0172394,0.000155262,0.00388714,9.81859e-06,0.00367563,8.732e-06
ice-cream-cone-1274894_640,0,12,first,0.0175899,0.000776731,0.00491406,5.99015e-05,0.00418455,5.04293e-05
ice-cream-cone-1274894_640,0,12,last,0.0171314,0.000209146,0.0040951,4.11822e-05,0.00394227,3.9683e-05
ice-cream-cone-1274894_640,0,13,first,0.0180889,0.000659792,0.00651196,8.41035e-05,0.00566391,7.76625e-05
ice-cream-cone-1274894_640,0,13,last,0.0169411,0.000199565,0.0040375,3.02195e-05,0.00370139,2.61151e-05
ice-cream-cone-1274894_640,0,14,first,0.0187887,0.000153618,0.00854131,2.87532e-05,0.00814509,2.57445e-05
ice-cream-cone-1274894_640,0,14,last,0.0176085,0.000144409,0.00381855,1.6973e-05,0.00363533,1.53247e-05
ice-cream-cone-1274894_640,0,15,first,0.0194172,0.000201397,0.00632715,2.51911e-05,0.00570301,2.23071e-05
ice-cream-cone-1274894_640,0,15,last,0.0166176,0.000589572,0.00347117,5.53924e-05,0.00329768,2.28418e-05
ice-cream-cone-1274894_640,0,16,first,0.018105,0.000150039,0.00529319,1.81921e-05,0.00479692,1.50195e-05
ice-cream-cone-1274894_640,0,16,last,0.0170817,0.000122836,0.00413433,1.70143e-05,0.00402558,1.43116e-05
ice-cream-cone-1274894_640,0,17,first,0.0175355,0.000148531,0.00456494,1.62571e-05,0.00390889,1.32877e-05
ice-cream-cone-1274894_640,0,17,last,0.0167801,0.000169525,0.0023197,1.03277e-05,0.00210912,9.38811e-06
ice-cream-cone-1274894_640,0,18,first,0.0185717,0.000177627,0.00550791,2.1547e-05,0.00455413,1.82169e-05
ice-cream-cone-1274894_640,0,18,last,0.0174818,0.000548463,0.00283864,6.73334e-05,0.0026195,6.30803e-05
ice-cream-cone-1274894_640,0,19,first,0.0190746,0.000163714,0.00558645,1.62012e-05,0.00478035,1.45461e-05
ice-cream-cone-1274894_640,0,19,last,0.0182779,0.000115594,0.00337754,5.78461e-06,0.00311739,4.86793e-06
