epoch,train_loss,psnr_fg,psnr_alpha,psnr_mean,ssim_fg,ssim_alpha,lr,epoch_seconds,strokes_per_second
1,4.47904,21.0831,14.857,17.9701,0.779411,0.71835,0.0002,32.1558,1554.43
2,1.91686,21.4678,15.4086,18.4382,0.808697,0.758872,0.0002,29.6965,1683.16
3,1.75285,22.0505,15.8252,18.9379,0.823101,0.770305,0.0002,30.5019,1638.72
4,1.527,22.8802,16.6226,19.7514,0.850372,0.800931,0.0002,31.7256,1575.51
5,1.26091,23.709,17.5021,20.6055,0.873852,0.832176,0.0002,33.2811,1501.87
6,1.05826,24.1264,18.0108,21.0686,0.88244,0.847107,0.0002,32.924,1518.16
7,0.938933,24.6191,18.57,21.5946,0.897897,0.867562,0.0002,34.0839,1466.5
8,0.870026,24.8605,18.8103,21.8354,0.904089,0.8765,0.0002,30.9688,1614.01
9,0.821045,25.0671,19.0422,22.0547,0.908462,0.883261,0.0002,30.7201,1627.08
10,0.776835,25.1981,19.1963,22.1972,0.911468,0.887345,0.0002,31.6395,1579.8
11,0.743815,25.3067,19.2564,22.2816,0.912613,0.888082,0.0002,32.5952,1533.48
12,0.722294,25.4241,19.3728,22.3985,0.916126,0.892702,0.0002,30.9286,1616.11
13,0.696278,25.5865,19.5761,22.5813,0.919381,0.89797,0.0002,31.2807,1597.92
14,0.675843,25.7902,19.7971,22.7937,0.922762,0.902647,0.0002,31.4929,1587.15
15,0.663252,25.9308,19.917,22.9239,0.924672,0.904627,0.0002,37.3585,1337.95
16,0.651608,25.9307,19.9385,22.9346,0.925136,0.905855,0.0002,31.5543,1584.06
17,0.63649,25.796,19.91,22.853,0.92385,0.905269,0.0002,32.1051,1556.89
18,0.628004,26.0221,20.0803,23.0512,0.927151,0.90849,0.0002,31.2072,1601.68
19,0.613642,26.2483,20.3057,23.277,0.930491,0.913336,0.0002,32.1639,1554.04
20,0.608823,26.3188,20.3654,23.3421,0.931613,0.914589,0.0002,30.0364,1664.11
21,0.599779,26.1848,20.2165,23.2006,0.929532,0.91168,0.0002,30.9578,1614.58
22,0.59449,26.3493,20.3849,23.3671,0.93237,0.915278,0.0002,31.3891,1592.4
23,0.58866,26.2346,20.3066,23.2706,0.930971,0.914289,0.0002,30.9028,1617.46
24,0.582984,26.274,20.2557,23.2649,0.931722,0.91283,0.0002,31.0955,1607.43
25,0.581676,26.318,20.4212,23.3696,0.932321,0.91592,0.0002,33.3749,1497.65
26,0.523117,26.8797,20.8931,23.8864,0.940026,0.92424,2e-05,33.2534,1503.12
27,0.52001,26.9401,20.9476,23.9438,0.940755,0.925071,2e-05,33.3144,1500.37
28,0.514009,26.9207,20.94,23.9304,0.940703,0.925312,2e-05,34.7081,1440.13
29,0.513951,26.9551,20.9663,23.9607,0.941192,0.925859,2e-05,40.038,1248.41
30,0.513309,26.9427,20.9494,23.9461,0.940813,0.925369,2e-05,33.7672,1480.25
31,0.512749,26.9755,20.9733,23.9744,0.941348,0.925897,2e-05,32.8451,1521.81
32,0.512158,26.9658,20.9708,23.9683,0.941296,0.925932,2e-05,32.4403,1540.8
33,0.511045,26.9638,20.9756,23.9697,0.94156,0.926151,2e-05,31.192,1602.46
34,0.511379,27.0008,21.0017,24.0013,0.941873,0.926598,2e-05,31.3393,1594.93
35,0.510518,27.0252,21.0263,24.0257,0.942231,0.927088,2e-05,28.744,1738.94
36,0.507135,27.0177,21.0156,24.0166,0.941911,0.926755,2e-05,28.8302,1733.74
37,0.507297,27.0233,21.0209,24.0221,0.942061,0.92695,2e-05,29.9156,1670.83
38,0.507805,27.0341,21.0242,24.0292,0.942222,0.927002,2e-05,29.6893,1683.57
39,0.505239,27.0324,21.0155,24.0239,0.942124,0.926935,2e-05,29.6328,1686.78
40,0.502657,27.0427,21.0262,24.0345,0.942344,0.927141,2e-05,29.5634,1690.74
41,0.505639,27.0224,21.0062,24.0143,0.942095,0.926721,2e-05,29.4546,1696.98
42,0.504557,27.0492,21.0498,24.0495,0.942382,0.927381,2e-05,29.8349,1675.35
43,0.502457,27.0258,21.0174,24.0216,0.942543,0.927195,2e-05,29.8058,1676.99
44,0.502255,27.0407,21.0405,24.0406,0.942462,0.927339,2e-05,29.7377,1680.83
45,0.500949,27.0558,21.0467,24.0513,0.942815,0.927719,2e-05,29.6254,1687.2
46,0.501746,27.0632,21.0541,24.0587,0.942949,0.927805,2e-05,29.9888,1666.76
47,0.502762,27.0653,21.0482,24.0567,0.94278,0.927539,2e-05,29.5769,1689.97
48,0.503768,27.0604,21.0657,24.0631,0.942683,0.927653,2e-05,29.8881,1672.37
49,0.501663,27.0643,21.0429,24.0536,0.942894,0.927602,2e-05,29.7479,1680.25
50,0.501585,27.0694,21.0518,24.0606,0.942752,0.927606,2e-05,33.2226,1504.52
51,0.49582,27.1251,21.1168,24.1209,0.943574,0.928685,2e-06,31.5652,1583.52
52,0.493666,27.133,21.1202,24.1266,0.943662,0.928747,2e-06,30.1475,1657.98
53,0.491538,27.1217,21.1162,24.1189,0.943646,0.92869,2e-06,30.4894,1639.39
54,0.494403,27.1363,21.1304,24.1333,0.943839,0.928915,2e-06,29.0648,1719.74
55,0.491342,27.1405,21.1313,24.1359,0.943783,0.92888,2e-06,29.0997,1717.68
56,0.492186,27.1356,21.1302,24.1329,0.943709,0.928844,2e-06,28.8709,1731.29
57,0.493083,27.1375,21.1306,24.1341,0.9438,0.928833,2e-06,30.7238,1626.88
58,0.490795,27.1531,21.1392,24.1462,0.943931,0.929068,2e-06,30.4962,1639.03
59,0.492553,27.1414,21.1322,24.1368,0.943878,0.928968,2e-06,30.8525,1620.09
60,0.492537,27.1376,21.1336,24.1356,0.943852,0.928909,2e-06,30.8404,1620.73
61,0.490761,27.1361,21.1302,24.1331,0.943685,0.928859,2e-06,31.4598,1588.82
62,0.490317,27.1452,21.1355,24.1404,0.943879,0.928988,2e-06,30.8913,1618.06
63,0.493337,27.1453,21.134,24.1397,0.943812,0.928922,2e-06,32.6983,1528.64
64,0.492921,27.1411,21.1295,24.1353,0.9438,0.928941,2e-06,30.3205,1648.52
65,0.491661,27.1453,21.1374,24.1413,0.943804,0.929022,2e-06,28.6755,1743.09
66,0.491538,27.1472,21.1347,24.141,0.943904,0.928983,2e-06,31.0046,1612.15
67,0.491747,27.1495,21.1367,24.1431,0.943961,0.929001,2e-06,28.4844,1754.78
68,0.493217,27.1519,21.1405,24.1462,0.943964,0.929134,2e-06,29.4419,1697.72
69,0.491179,27.1393,21.1362,24.1377,0.943841,0.929001,2e-06,29.9156,1670.83
70,0.492679,27.1524,21.1405,24.1465,0.944009,0.92913,2e-06,29.7565,1679.77
71,0.492656,27.1514,21.1423,24.1468,0.944023,0.929139,2e-06,30.5996,1633.49
72,0.491695,27.1559,21.1404,24.1481,0.944033,0.929077,2e-06,29.2754,1707.37
73,0.491183,27.1561,21.1439,24.15,0.943993,0.929123,2e-06,28.7573,1738.13
74,0.490573,27.1578,21.143,24.1504,0.944065,0.929105,2e-06,28.7691,1737.42
75,0.493514,27.1534,21.1414,24.1474,0.943951,0.929093,2e-06,30.454,1641.3
76,0.491097,27.1593,21.1472,24.1533,0.943984,0.92919,2e-07,30.2684,1651.36
77,0.491977,27.1637,21.1468,24.1553,0.944061,0.929174,2e-07,30.571,1635.01
78,0.490676,27.1619,21.1481,24.155,0.944022,0.929202,2e-07,30.7604,1624.95
79,0.490698,27.1567,21.1488,24.1527,0.944037,0.92922,2e-07,30.1096,1660.07
80,0.492112,27.168,21.1515,24.1597,0.944155,0.929251,2e-07,28.2217,1771.12
81,0.490989,27.1642,21.1499,24.157,0.944045,0.929238,2e-07,28.1774,1773.9
82,0.49094,27.1615,21.1512,24.1564,0.943974,0.929256,2e-07,28.2646,1768.43
83,0.490435,27.1594,21.1516,24.1555,0.944172,0.929262,2e-07,31.2199,1601.03
84,0.492299,27.1604,21.1508,24.1556,0.943988,0.929262,2e-07,28.7294,1739.82
85,0.492969,27.1632,21.1494,24.1563,0.944164,0.929237,2e-07,29.0774,1719
86,0.492064,27.1629,21.1476,24.1553,0.944097,0.929217,2e-07,29.7481,1680.24
87,0.490253,27.149,21.1485,24.1487,0.943891,0.929216,2e-07,30.0726,1662.11
88,0.490762,27.158,21.1492,24.1536,0.944006,0.929248,2e-07,30.2955,1649.88
89,0.491822,27.1627,21.1495,24.1561,0.944048,0.929237,2e-07,30.0771,1661.86
90,0.489568,27.1635,21.1502,24.1568,0.944049,0.929243,2e-07,29.8488,1674.57
91,0.492842,27.1589,21.1499,24.1544,0.944129,0.929261,2e-07,29.6724,1684.53
92,0.49082,27.1641,21.1506,24.1574,0.944073,0.929253,2e-07,29.9306,1670
93,0.492144,27.1626,21.1521,24.1574,0.944083,0.929285,2e-07,29.9205,1670.56
94,0.491787,27.1663,21.1517,24.159,0.944112,0.929282,2e-07,30.044,1663.69
95,0.491794,27.1647,21.1531,24.1589,0.944181,0.929305,2e-07,29.9184,1670.68
96,0.490304,27.1649,21.1524,24.1586,0.944129,0.929269,2e-07,29.9504,1668.89
97,0.490714,27.1572,21.1536,24.1554,0.944179,0.929314,2e-07,29.9045,1671.45
98,0.49175,27.1672,21.1538,24.1605,0.944249,0.929323,2e-07,29.7522,1680.01
99,0.49072,27.1427,21.1525,24.1476,0.944118,0.929309,2e-07,31.2584,1599.06
100,0.490789,27.1691,21.153,24.1611,0.944165,0.929308,2e-07,29.3429,1703.45
