image,config,seed,grid,strokes,beta_ot,ot_epsilon,ot_iters,optimize_s,render_s,psnr,ssim,lpips,neural_psnr,steps_to_22db,steps_to_24db,device,renderer
51e3d4424d53b10ff3d8992cc12c30771037dbf85254784b7d297ed7934b_640,pixel,0,5,500,0,0.01,5,14.5951,1.76844,24.7798,0.658852,0.653974,26.1404,354,414,cuda,original-light
51e3d4424d53b10ff3d8992cc12c30771037dbf85254784b7d297ed7934b_640,pixel,1,5,500,0,0.01,5,14.2681,1.76671,24.6848,0.653902,0.646902,26.8047,328,384,cuda,original-light
51e3d4424d53b10ff3d8992cc12c30771037dbf85254784b7d297ed7934b_640,pixel,2,5,500,0,0.01,5,14.9474,1.41546,25.5544,0.663494,0.655643,27.6144,333,411,cuda,original-light
51e3d4424d53b10ff3d8992cc12c30771037dbf85254784b7d297ed7934b_640,eps0.003,0,5,500,100,0.003,5,36.7774,1.36065,24.8533,0.654733,0.662914,26.5279,382,435,cuda,original-light
51e3d4424d53b10ff3d8992cc12c30771037dbf85254784b7d297ed7934b_640,eps0.003,1,5,500,100,0.003,5,37.2553,1.53771,25.3981,0.657191,0.648908,27.3053,349,413,cuda,original-light
51e3d4424d53b10ff3d8992cc12c30771037dbf85254784b7d297ed7934b_640,eps0.003,2,5,500,100,0.003,5,38.3049,1.65864,24.7654,0.655884,0.657852,26.0452,346,421,cuda,original-light
51e3d4424d53b10ff3d8992cc12c30771037dbf85254784b7d297ed7934b_640,eps0.01,0,5,500,100,0.01,5,34.1352,1.41048,24.7616,0.653479,0.657642,26.0331,380,439,cuda,original-light
51e3d4424d53b10ff3d8992cc12c30771037dbf85254784b7d297ed7934b_640,eps0.01,1,5,500,100,0.01,5,36.8398,1.43578,24.2487,0.650457,0.654411,25.7184,352,430,cuda,original-light
51e3d4424d53b10ff3d8992cc12c30771037dbf85254784b7d297ed7934b_640,eps0.01,2,5,500,100,0.01,5,36.4874,1.43695,24.3824,0.650594,0.65229,25.4993,379,448,cuda,original-light
51e3d4424d53b10ff3d8992cc12c30771037dbf85254784b7d297ed7934b_640,eps0.03,0,5,500,100,0.03,5,38.5602,1.54298,23.8448,0.643632,0.658699,24.0574,422,496,cuda,original-light
51e3d4424d53b10ff3d8992cc12c30771037dbf85254784b7d297ed7934b_640,eps0.03,1,5,500,100,0.03,5,33.3721,1.611,24.609,0.650896,0.656026,25.9634,357,433,cuda,original-light
51e3d4424d53b10ff3d8992cc12c30771037dbf85254784b7d297ed7934b_640,eps0.03,2,5,500,100,0.03,5,37.1111,1.38741,24.0711,0.647412,0.662892,24.4735,388,482,cuda,original-light
51e3d4424d53b10ff3d8992cc12c30771037dbf85254784b7d297ed7934b_640,eps0.1,0,5,500,100,0.1,5,37.7694,1.38517,22.4029,0.61433,0.672982,21.4487,,,cuda,original-light
51e3d4424d53b10ff3d8992cc12c30771037dbf85254784b7d297ed7934b_640,eps0.1,1,5,500,100,0.1,5,37.5282,1.38845,22.3051,0.60943,0.689663,21.495,,,cuda,original-light
51e3d4424d53b10ff3d8992cc12c30771037dbf85254784b7d297ed7934b_640,eps0.1,2,5,500,100,0.1,5,34.911,1.40158,22.2294,0.612673,0.675282,21.2301,,,cuda,original-light
55e4d4414a50ab14f1dc8460962e33791c3ad6e04e507441722a72dc9044cc_640,pixel,0,5,500,0,0.01,5,13.426,1.44848,19.8605,0.782281,0.56828,27.8667,213,257,cuda,original-light
55e4d4414a50ab14f1dc8460962e33791c3ad6e04e507441722a72dc9044cc_640,pixel,1,5,500,0,0.01,5,15.3457,1.37067,20.0005,0.785317,0.564009,27.6443,211,253,cuda,original-light
55e4d4414a50ab14f1dc8460962e33791c3ad6e04e507441722a72dc9044cc_640,pixel,2,5,500,0,0.01,5,15.3747,1.71069,20.0957,0.788567,0.56446,27.7469,218,254,cuda,original-light
55e4d4414a50ab14f1dc8460962e33791c3ad6e04e507441722a72dc9044cc_640,eps0.003,0,5,500,100,0.003,5,39.4391,1.59848,20.1226,0.785132,0.570036,28.3043,230,258,cuda,original-light
55e4d4414a50ab14f1dc8460962e33791c3ad6e04e507441722a72dc9044cc_640,eps0.003,1,5,500,100,0.003,5,39.3973,1.66846,20.2267,0.788552,0.572496,28.1658,228,257,cuda,original-light
55e4d4414a50ab14f1dc8460962e33791c3ad6e04e507441722a72dc9044cc_640,eps0.003,2,5,500,100,0.003,5,33.2677,1.48108,20.2994,0.786744,0.563783,28.1535,222,254,cuda,original-light
55e4d4414a50ab14f1dc8460962e33791c3ad6e04e507441722a72dc9044cc_640,eps0.01,0,5,500,100,0.01,5,36.3322,1.37153,20.342,0.786651,0.568973,27.9499,236,258,cuda,original-light
55e4d4414a50ab14f1dc8460962e33791c3ad6e04e507441722a72dc9044cc_640,eps0.01,1,5,500,100,0.01,5,30.3539,1.38216,19.9991,0.783915,0.567775,27.9554,230,254,cuda,original-light
55e4d4414a50ab14f1dc8460962e33791c3ad6e04e507441722a72dc9044cc_640,eps0.01,2,5,500,100,0.01,5,37.5123,1.39153,20.1073,0.782136,0.579634,27.9047,240,255,cuda,original-light
55e4d4414a50ab14f1dc8460962e33791c3ad6e04e507441722a72dc9044cc_640,eps0.03,0,5,500,100,0.03,5,37.4855,1.42036,19.9675,0.768063,0.59572,26.9823,259,289,cuda,original-light
55e4d4414a50ab14f1dc8460962e33791c3ad6e04e507441722a72dc9044cc_640,eps0.03,1,5,500,100,0.03,5,33.3944,1.42687,19.8918,0.767778,0.593803,27.3717,251,280,cuda,original-light
55e4d4414a50ab14f1dc8460962e33791c3ad6e04e507441722a72dc9044cc_640,eps0.03,2,5,500,100,0.03,5,38.3034,1.37842,20.043,0.768892,0.593197,27.0028,258,305,cuda,original-light
55e4d4414a50ab14f1dc8460962e33791c3ad6e04e507441722a72dc9044cc_640,eps0.1,0,5,500,100,0.1,5,38.2955,1.37566,15.9844,0.44999,0.738025,14.0779,,,cuda,original-light
55e4d4414a50ab14f1dc8460962e33791c3ad6e04e507441722a72dc9044cc_640,eps0.1,1,5,500,100,0.1,5,37.3907,1.38986,15.4699,0.443179,0.729423,13.467,,,cuda,original-light
55e4d4414a50ab14f1dc8460962e33791c3ad6e04e507441722a72dc9044cc_640,eps0.1,2,5,500,100,0.1,5,33.5663,1.39766,15.6984,0.450124,0.732861,13.5036,,,cuda,original-light
alien,pixel,0,5,500,0,0.01,5,15.3562,1.36949,18.2269,0.524787,0.49327,24.6714,260,408,cuda,original-light
alien,pixel,1,5,500,0,0.01,5,14.7663,1.65824,18.3801,0.525177,0.485722,24.6786,264,413,cuda,original-light
alien,pixel,2,5,500,0,0.01,5,14.9297,1.34842,18.6547,0.531665,0.483904,24.8193,268,382,cuda,original-light
alien,eps0.003,0,5,500,100,0.003,5,36.8543,1.42202,18.4837,0.525821,0.495276,24.8752,265,405,cuda,original-light
alien,eps0.003,1,5,500,100,0.003,5,37.016,1.67986,18.6699,0.526165,0.481849,25.1591,254,370,cuda,original-light
alien,eps0.003,2,5,500,100,0.003,5,34.4119,1.36895,18.4494,0.525627,0.493148,24.7637,263,386,cuda,original-light
alien,eps0.01,0,5,500,100,0.01,5,36.284,2.85103,18.1888,0.514698,0.509067,24.7986,286,409,cuda,original-light
alien,eps0.01,1,5,500,100,0.01,5,29.5318,2.8418,18.457,0.515421,0.493399,24.7138,298,417,cuda,original-light
alien,eps0.01,2,5,500,100,0.01,5,36.045,2.83364,18.4995,0.520685,0.492232,24.7395,278,413,cuda,original-light
alien,eps0.03,0,5,500,100,0.03,5,29.5394,2.87006,18.0312,0.50167,0.497723,23.2904,372,,cuda,original-light
alien,eps0.03,1,5,500,100,0.03,5,30.0714,2.8867,17.9505,0.496403,0.491098,23.1401,395,,cuda,original-light
alien,eps0.03,2,5,500,100,0.03,5,35.1298,2.87424,17.8058,0.494872,0.498006,23.3436,362,,cuda,original-light
alien,eps0.1,0,5,500,100,0.1,5,34.9396,2.7649,15.2637,0.409534,0.524752,15.7062,,,cuda,original-light
alien,eps0.1,1,5,500,100,0.1,5,34.7279,2.7445,15.7433,0.414445,0.518731,16.0171,,,cuda,original-light
alien,eps0.1,2,5,500,100,0.1,5,31.3022,2.78541,15.514,0.41308,0.527699,15.7623,,,cuda,original-light
emily-lau-NVi2yab124g-unsplash,pixel,0,5,500,0,0.01,5,16.1031,2.85811,18.8984,0.437328,0.496136,24.989,303,410,cuda,original-light
emily-lau-NVi2yab124g-unsplash,pixel,1,5,500,0,0.01,5,13.6373,2.77208,18.7832,0.427684,0.513961,24.1205,320,486,cuda,original-light
emily-lau-NVi2yab124g-unsplash,pixel,2,5,500,0,0.01,5,15.5694,2.86797,18.6625,0.42742,0.508013,24.4983,302,447,cuda,original-light
emily-lau-NVi2yab124g-unsplash,eps0.003,0,5,500,100,0.003,5,37.4662,3.05211,18.8209,0.452811,0.512522,24.8162,304,417,cuda,original-light
emily-lau-NVi2yab124g-unsplash,eps0.003,1,5,500,100,0.003,5,31.5057,3.12857,18.9779,0.452115,0.519179,24.8729,305,416,cuda,original-light
emily-lau-NVi2yab124g-unsplash,eps0.003,2,5,500,100,0.003,5,32.2455,2.85887,18.7135,0.448894,0.520997,24.1832,322,468,cuda,original-light
emily-lau-NVi2yab124g-unsplash,eps0.01,0,5,500,100,0.01,5,34.5157,2.80835,18.5601,0.423641,0.532398,23.5639,380,,cuda,original-light
emily-lau-NVi2yab124g-unsplash,eps0.01,1,5,500,100,0.01,5,28.2451,3.0426,18.4077,0.426086,0.529844,23.357,380,,cuda,original-light
emily-lau-NVi2yab124g-unsplash,eps0.01,2,5,500,100,0.01,5,34.793,2.92733,18.704,0.430254,0.529712,23.2407,391,,cuda,original-light
emily-lau-NVi2yab124g-unsplash,eps0.03,0,5,500,100,0.03,5,31.2404,2.85266,17.7955,0.372499,0.556601,20.6508,,,cuda,original-light
emily-lau-NVi2yab124g-unsplash,eps0.03,1,5,500,100,0.03,5,36.3227,2.8514,18.0274,0.373353,0.56462,20.1472,,,cuda,original-light
emily-lau-NVi2yab124g-unsplash,eps0.03,2,5,500,100,0.03,5,36.2342,2.85994,18.3426,0.376357,0.551997,20.3988,,,cuda,original-light
emily-lau-NVi2yab124g-unsplash,eps0.1,0,5,500,100,0.1,5,36.3634,2.69737,14.3248,0.238762,0.615999,11.7401,,,cuda,original-light
emily-lau-NVi2yab124g-unsplash,eps0.1,1,5,500,100,0.1,5,29.1575,2.81095,14.78,0.252954,0.600184,12.2975,,,cuda,original-light
emily-lau-NVi2yab124g-unsplash,eps0.1,2,5,500,100,0.1,5,29.7516,2.67416,14.8809,0.246983,0.601237,12.332,,,cuda,original-light
maria-lysenko-3Bh0hy-yOcA-unsplash,pixel,0,5,500,0,0.01,5,13.346,3.05959,17.9232,0.392483,0.613452,23.0198,428,,cuda,original-light
maria-lysenko-3Bh0hy-yOcA-unsplash,pixel,1,5,500,0,0.01,5,14.6607,2.80921,18.0058,0.391579,0.611882,22.9248,404,,cuda,original-light
maria-lysenko-3Bh0hy-yOcA-unsplash,pixel,2,5,500,0,0.01,5,12.6964,3.10904,18.0897,0.390982,0.617179,23.0301,410,,cuda,original-light
maria-lysenko-3Bh0hy-yOcA-unsplash,eps0.003,0,5,500,100,0.003,5,36.7684,3.16431,18.0249,0.397588,0.61232,23.3532,419,,cuda,original-light
maria-lysenko-3Bh0hy-yOcA-unsplash,eps0.003,1,5,500,100,0.003,5,32.3038,3.05835,18.0016,0.394828,0.616969,22.9889,433,,cuda,original-light
maria-lysenko-3Bh0hy-yOcA-unsplash,eps0.003,2,5,500,100,0.003,5,35.2827,2.81969,18.1838,0.397482,0.61423,23.2906,402,,cuda,original-light
maria-lysenko-3Bh0hy-yOcA-unsplash,eps0.01,0,5,500,100,0.01,5,35.505,2.82337,17.9783,0.391166,0.61108,22.8699,445,,cuda,original-light
maria-lysenko-3Bh0hy-yOcA-unsplash,eps0.01,1,5,500,100,0.01,5,35.4259,2.84292,17.9058,0.390787,0.619263,22.6075,433,,cuda,original-light
maria-lysenko-3Bh0hy-yOcA-unsplash,eps0.01,2,5,500,100,0.01,5,27.3006,3.11208,17.9432,0.389652,0.608857,22.964,430,,cuda,original-light
maria-lysenko-3Bh0hy-yOcA-unsplash,eps0.03,0,5,500,100,0.03,5,30.846,3.11152,17.6517,0.368643,0.634874,21.5416,,,cuda,original-light
maria-lysenko-3Bh0hy-yOcA-unsplash,eps0.03,1,5,500,100,0.03,5,37.2057,3.12673,17.6852,0.380468,0.626554,21.843,,,cuda,original-light
maria-lysenko-3Bh0hy-yOcA-unsplash,eps0.03,2,5,500,100,0.03,5,38.2442,3.2684,17.6709,0.372652,0.627879,21.6297,,,cuda,original-light
maria-lysenko-3Bh0hy-yOcA-unsplash,eps0.1,0,5,500,100,0.1,5,39.1114,3.29589,14.7077,0.281669,0.670581,14.4891,,,cuda,original-light
maria-lysenko-3Bh0hy-yOcA-unsplash,eps0.1,1,5,500,100,0.1,5,33.2238,3.08525,14.4098,0.275904,0.668594,14.0318,,,cuda,original-light
maria-lysenko-3Bh0hy-yOcA-unsplash,eps0.1,2,5,500,100,0.1,5,35.9312,2.81959,14.7815,0.288605,0.661054,14.28,,,cuda,original-light
