image,config,seed,grid,strokes,beta_ot,ot_epsilon,ot_iters,optimize_s,render_s,psnr,ssim,lpips,neural_psnr,steps_to_22db,steps_to_24db,device,renderer,wall_s
51e3d4424d53b10ff3d8992cc12c30771037dbf85254784b7d297ed7934b_640,original,0,5,500,,,,,,25.1481,0.659022,,,,,cuda:0,original demo.py,92.5411
51e3d4424d53b10ff3d8992cc12c30771037dbf85254784b7d297ed7934b_640,ours,0,5,500,0,0.01,5,16.4509,1.55367,25.1391,0.655275,,26.6755,,,cuda,original-light,18.1319
51e3d4424d53b10ff3d8992cc12c30771037dbf85254784b7d297ed7934b_640,original,1,5,500,,,,,,24.4848,0.649559,,,,,cuda:0,original demo.py,93.717
51e3d4424d53b10ff3d8992cc12c30771037dbf85254784b7d297ed7934b_640,ours,1,5,500,0,0.01,5,16.0155,1.78255,25.212,0.654697,,27.2646,,,cuda,original-light,17.8084
51e3d4424d53b10ff3d8992cc12c30771037dbf85254784b7d297ed7934b_640,original,2,5,500,,,,,,25.0439,0.654228,,,,,cuda:0,original demo.py,89.5936
51e3d4424d53b10ff3d8992cc12c30771037dbf85254784b7d297ed7934b_640,ours,2,5,500,0,0.01,5,13.9057,1.5555,24.8713,0.656256,,26.2933,,,cuda,original-light,15.471
55e4d4414a50ab14f1dc8460962e33791c3ad6e04e507441722a72dc9044cc_640,original,0,5,500,,,,,,19.6181,0.784325,,,,,cuda:0,original demo.py,85.0018
55e4d4414a50ab14f1dc8460962e33791c3ad6e04e507441722a72dc9044cc_640,ours,0,5,500,0,0.01,5,15.7929,1.43551,20.0607,0.785363,,28.306,,,cuda,original-light,17.2375
55e4d4414a50ab14f1dc8460962e33791c3ad6e04e507441722a72dc9044cc_640,original,1,5,500,,,,,,19.4286,0.783765,,,,,cuda:0,original demo.py,84.3437
55e4d4414a50ab14f1dc8460962e33791c3ad6e04e507441722a72dc9044cc_640,ours,1,5,500,0,0.01,5,16.2748,1.47214,19.9448,0.787663,,27.7749,,,cuda,original-light,17.8822
55e4d4414a50ab14f1dc8460962e33791c3ad6e04e507441722a72dc9044cc_640,original,2,5,500,,,,,,19.5277,0.781738,,,,,cuda:0,original demo.py,127.454
55e4d4414a50ab14f1dc8460962e33791c3ad6e04e507441722a72dc9044cc_640,ours,2,5,500,0,0.01,5,16.0769,2.66113,20.1072,0.785338,,27.5002,,,cuda,original-light,18.7505
alien,original,0,5,500,,,,,,18.4059,0.517961,,,,,cuda:0,original demo.py,126.065
alien,ours,0,5,500,0,0.01,5,16.1907,2.88954,18.3659,0.526835,,24.6242,,,cuda,original-light,19.1061
alien,original,1,5,500,,,,,,18.0584,0.513994,,,,,cuda:0,original demo.py,146.094
alien,ours,1,5,500,0,0.01,5,15.0513,1.62892,18.2598,0.528741,,24.1088,,,cuda,original-light,16.8049
alien,original,2,5,500,,,,,,18.3077,0.52126,,,,,cuda:0,original demo.py,94.1558
alien,ours,2,5,500,0,0.01,5,16.2019,1.39327,18.2778,0.527857,,24.6803,,,cuda,original-light,17.6062
emily-lau-NVi2yab124g-unsplash,original,0,5,500,,,,,,18.3734,0.408582,,,,,cuda:0,original demo.py,88.2855
emily-lau-NVi2yab124g-unsplash,ours,0,5,500,0,0.01,5,15.5884,1.38427,18.9096,0.427149,,24.6597,,,cuda,original-light,16.9834
emily-lau-NVi2yab124g-unsplash,original,1,5,500,,,,,,18.3946,0.420715,,,,,cuda:0,original demo.py,92.3963
emily-lau-NVi2yab124g-unsplash,ours,1,5,500,0,0.01,5,15.8087,1.41366,18.7914,0.429976,,24.9326,,,cuda,original-light,17.2328
emily-lau-NVi2yab124g-unsplash,original,2,5,500,,,,,,18.2885,0.416861,,,,,cuda:0,original demo.py,88.1921
emily-lau-NVi2yab124g-unsplash,ours,2,5,500,0,0.01,5,13.9793,1.43748,18.7164,0.425708,,24.7798,,,cuda,original-light,15.5411
maria-lysenko-3Bh0hy-yOcA-unsplash,original,0,5,500,,,,,,17.6885,0.390851,,,,,cuda:0,original demo.py,79.6669
maria-lysenko-3Bh0hy-yOcA-unsplash,ours,0,5,500,0,0.01,5,21.7816,1.54434,17.9075,0.393356,,22.8264,,,cuda,original-light,23.3401
maria-lysenko-3Bh0hy-yOcA-unsplash,original,1,5,500,,,,,,17.5858,0.389776,,,,,cuda:0,original demo.py,140.019
maria-lysenko-3Bh0hy-yOcA-unsplash,ours,1,5,500,0,0.01,5,23.6652,1.46857,18.0516,0.394607,,23.3356,,,cuda,original-light,25.1493
maria-lysenko-3Bh0hy-yOcA-unsplash,original,2,5,500,,,,,,17.8415,0.393324,,,,,cuda:0,original demo.py,141.269
maria-lysenko-3Bh0hy-yOcA-unsplash,ours,2,5,500,0,0.01,5,23.2029,1.51475,18.0441,0.391979,,23.0742,,,cuda,original-light,24.8754
51e3d4424d53b10ff3d8992cc12c30771037dbf85254784b7d297ed7934b_640,ours_linear,0,5,500,0,0.01,5,6.64154,1.62373,24.2882,0.651767,,24.9542,,,cuda,original-light,8.3911
51e3d4424d53b10ff3d8992cc12c30771037dbf85254784b7d297ed7934b_640,ours_linear,1,5,500,0,0.01,5,12.1891,1.57694,24.7992,0.65689,,25.8964,,,cuda,original-light,13.7762
51e3d4424d53b10ff3d8992cc12c30771037dbf85254784b7d297ed7934b_640,ours_linear,2,5,500,0,0.01,5,12.6478,1.60813,25.1139,0.651634,,26.7836,,,cuda,original-light,14.2663
55e4d4414a50ab14f1dc8460962e33791c3ad6e04e507441722a72dc9044cc_640,ours_linear,0,5,500,0,0.01,5,12.6109,1.60064,19.0903,0.787125,,24.084,,,cuda,original-light,14.2224
55e4d4414a50ab14f1dc8460962e33791c3ad6e04e507441722a72dc9044cc_640,ours_linear,1,5,500,0,0.01,5,13.2052,1.50288,19.3046,0.782538,,24.1022,,,cuda,original-light,14.7191
55e4d4414a50ab14f1dc8460962e33791c3ad6e04e507441722a72dc9044cc_640,ours_linear,2,5,500,0,0.01,5,16.3563,1.63438,19.6053,0.785298,,24.1789,,,cuda,original-light,18.0022
alien,ours_linear,0,5,500,0,0.01,5,13.7287,1.50642,18.1946,0.526363,,23.3571,,,cuda,original-light,15.2457
alien,ours_linear,1,5,500,0,0.01,5,15.9737,1.4893,18.2808,0.522113,,23.7524,,,cuda,original-light,17.4739
alien,ours_linear,2,5,500,0,0.01,5,12.9691,1.39572,18.2349,0.52858,,23.3613,,,cuda,original-light,14.3746
emily-lau-NVi2yab124g-unsplash,ours_linear,0,5,500,0,0.01,5,15.2067,1.33266,18.4274,0.423142,,23.4688,,,cuda,original-light,16.5491
emily-lau-NVi2yab124g-unsplash,ours_linear,1,5,500,0,0.01,5,13.5293,1.41861,18.5861,0.420629,,23.3872,,,cuda,original-light,14.9584
emily-lau-NVi2yab124g-unsplash,ours_linear,2,5,500,0,0.01,5,13.1413,1.41347,18.5458,0.425492,,23.3447,,,cuda,original-light,14.5642
maria-lysenko-3Bh0hy-yOcA-unsplash,ours_linear,0,5,500,0,0.01,5,13.0303,1.4118,17.9056,0.391811,,22.0072,,,cuda,original-light,14.4519
maria-lysenko-3Bh0hy-yOcA-unsplash,ours_linear,1,5,500,0,0.01,5,13.1999,1.36986,17.7726,0.391093,,21.6303,,,cuda,original-light,14.5798
maria-lysenko-3Bh0hy-yOcA-unsplash,ours_linear,2,5,500,0,0.01,5,15.6627,1.38005,17.7346,0.388008,,21.8975,,,cuda,original-light,17.052
